EmpID,Fname,Lname,ESSN,PhoneNum,HomeAddr,Email,Gender,ProgID

1,James,Smith,424572969,(203) 918-9872,81 Academy Drive,james.smith@gmail.com,M,1

2,Robert,Johnson,212413577,(231) 385-4639,57 Lees Creek St.,bob.johnson@gmail.com,M,1

3,Olivia,Williams,224440146,(313) 325-6431,95 Elm Drive,olivia.williams@gmail.com,F,1

4,Michael,Brown,265518215,(216) 862-3524,9022 W. Newcastle St.,michael.brown@gmail.com,M,1

5,William,Miller,679143262,(812) 616-0015,721 Lafayette Rd.,william.miller@gmail.com,M,1

6,Emma,Davis,653180477,(423) 938-4671,588 North Constitution St.,emma.davis@gmail.com,F,2

7,Richard,Wilson,221383122,(628) 251-3172,226 Euclid Ave.,richard.wilson@gmail.com,M,2

8,Joseph,Martin,648185397,(213) 832-7593,1 South Linden Lane,joeseph.martin@gmail.com,M,2

9,Charlotte,Anderson,266328583,(207) 427-8591,2 Elmwood St.,charlotte.anderson@gmail.com,F,2

10,Charles,Thomas,283834621,(319) 554-2079,919 Briarwood Drive,charles.thomas@gmail.com,M,2

11,Christopher,Moore,506845215,(228) 322-9901,285 Military Road ,chris.moore@gmail.com,M,3

12,Sophia,Jackson,513273266,(435) 878-5812,715 Berkshire St.,sophia.jackson@gmail.com,F,3

13,Matthew,Lee,303530955,(269) 436-7959,18 Baker Avenue ,matthew.lee@gmail.com,M,3

14,Anthony,Thompson,430013399,(213) 329-4374,8835 Golf St. ,anthony.thompson@gmail.com,M,3

15,Mia,White,406747924,(313) 560-8107,2 NE. Newport Avenue ,mia.white@gmail.com,F,3

16,Donald,Clark,602131937,(214) 583-5251,7006 North Tarkiln Hill St.,donald.clark@gmail.com,M,4

17,Steven,Harris,477453742,(202) 792-2854,46 E. Silver Spear Road,steven.harris@gmail.com,M,4

18,Gianna,Robinson,606860761,(520) 909-9028,8399 Brandywine Lane,gianna.robinson@gmail.com,F,4

19,Andrew ,Young,544657634,(209) 999-0768,925 George Drive,andrew.young@gmail.com,M,4

20,Joshua,Wright,568647918,(515) 784-6105,23 Atlantic Road,joshua.wright@gmail.com,M,4